seqName	clade	Nextclade_pango	partiallyAliased	immune_escape	ace2_binding	rbd_count	non_rbd_spike_count	non_spike_count
BA.2	21L (Omicron)	BA.2	BA.2	0	0	0	0	2
XBG	recombinant	XBG	XBG	0.6014234	0.66973	4	5	13
XBF	recombinant	XBF	XBF	0.83664217	1.04277	7	9	14
XAN	recombinant	XAN	XAN	0.38632472	0.55831	3	6	11
XBD	recombinant	XBD	XBD	0.63387938	0.4677	6	10	15
XBE	recombinant	XBE	XBE	0.6014234	0.66973	4	6	11
XBA	recombinant	XBA	XBA	0.3155025	0.20216	4	9	41
XAJ	recombinant	XAJ	XAJ	0.38632472	0.35483	5	8	8
XAZ	recombinant	XAZ	XAZ	0.38632472	0.55831	3	6	11
XAV	recombinant	XAV	XAV	0.38632472	0.55831	3	6	12
XAS	recombinant	XAS	XAS	0.38632472	0.55831	3	6	8
XBC	recombinant	XBC	XBC	0.32629766	0.68716	4	14	45
XBC.2	recombinant	XBC.2	XBC.2	0.32629766	0.68716	4	15	47
XBC.1	recombinant	XBC.1	XBC.1	0.52834585	0.79272	5	14	47
XAY	recombinant	XAY	XAY	0.52834585	0.61445	4	12	29
XAY.2	recombinant	XAY.2	XAY.2	0.52834585	0.61445	4	12	30
XAY.1	recombinant	XAY.1	XAY.1	0.52834585	0.61445	4	13	32
XAY.1.1	recombinant	XAY.1.1	XAY.1.1	0.7474249	0.72587	5	13	34
XBB	22F (Omicron)	XBB	XBB	0.90700129	0.40687	9	9	12
XBB.2	22F (Omicron)	XBB.2	XBB.2	0.90700129	0.40687	9	10	12
XBB.5	22F (Omicron)	XBB.5	XBB.5	0.90700129	0.40687	9	10	13
XBB.4	22F (Omicron)	XBB.4	XBB.4	0.97991463	0.30641	10	9	13
XBB.4.1	22F (Omicron)	XBB.4.1	XBB.4.1	1.02919059	0.26628	11	10	14
XBB.3	22F (Omicron)	XBB.3	XBB.3	0.90700129	0.40687	9	9	14
XBB.3.1	22F (Omicron)	XBB.3.1	XBB.3.1	0.90700129	0.40687	9	10	14
XBB.1	22F (Omicron)	XBB.1	XBB.1	0.90700129	0.40687	9	10	13
XBB.1.2	22F (Omicron)	XBB.1.2	XBB.1.2	0.90700129	0.40687	9	11	13
XBB.1.1	22F (Omicron)	XBB.1.1	XBB.1.1	0.90700129	0.40687	9	10	14
XBB.1.3	22F (Omicron)	XBB.1.3	XBB.1.3	0.98326946	0.49564	10	10	13
XBB.1.4	22F (Omicron)	XBB.1.4	XBB.1.4	0.90700129	0.40687	9	11	13
XBB.1.5	22F (Omicron)	XBB.1.5	XBB.1.5	0.90700129	1.0124	9	10	13
BA.2.15	21L (Omicron)	BA.2.15	BA.2.15	-9e-05	-0.0	0	5	8
BA.2.16	21L (Omicron)	BA.2.16	BA.2.16	-9e-05	-0.0	0	4	10
BA.2.19	21L (Omicron)	BA.2.19	BA.2.19	-9e-05	-0.0	0	4	8
BA.2.1	21L (Omicron)	BA.2.1	BA.2.1	-9e-05	-0.0	0	4	9
BA.2.11	21L (Omicron)	BA.2.11	BA.2.11	0.17180425	-0.04096	1	4	9
BA.2.18	21L (Omicron)	BA.2.18	BA.2.18	0.04731597	0.23107	1	4	8
BA.2.20	21L (Omicron)	BA.2.20	BA.2.20	-9e-05	-0.0	0	5	10
BA.2.24	21L (Omicron)	BA.2.24	BA.2.24	0.01310847	-0.03172	1	4	8
BA.2.26	21L (Omicron)	BA.2.26	BA.2.26	-9e-05	-0.0	0	4	10
BA.2.27	21L (Omicron)	BA.2.27	BA.2.27	-9e-05	-0.0	0	4	9
BA.2.28	21L (Omicron)	BA.2.28	BA.2.28	-9e-05	-0.0	0	4	11
BA.2.29	21L (Omicron)	BA.2.29	BA.2.29	-9e-05	-0.0	0	4	9
BA.2.30	21L (Omicron)	BA.2.30	BA.2.30	-9e-05	-0.0	0	4	10
BA.2.32	21L (Omicron)	BA.2.32	BA.2.32	-9e-05	-0.0	0	4	9
BA.2.39	21L (Omicron)	BA.2.39	BA.2.39	-9e-05	-0.0	0	5	11
BA.2.4	21L (Omicron)	BA.2.4	BA.2.4	-9e-05	-0.0	0	4	9
BA.2.41	21L (Omicron)	BA.2.41	BA.2.41	-9e-05	-0.0	0	5	8
BA.2.42	21L (Omicron)	BA.2.42	BA.2.42	-9e-05	-0.0	0	5	9
BA.2.43	21L (Omicron)	BA.2.43	BA.2.43	0.017546	0.11285	1	5	9
BA.2.46	21L (Omicron)	BA.2.46	BA.2.46	-9e-05	-0.0	0	5	9
BA.2.48	21L (Omicron)	BA.2.48	BA.2.48	-9e-05	-0.0	0	5	9
BA.2.50	21L (Omicron)	BA.2.50	BA.2.50	-9e-05	-0.0	0	5	8
BA.2.5	21L (Omicron)	BA.2.5	BA.2.5	-9e-05	-0.0	0	4	9
BA.2.54	21L (Omicron)	BA.2.54	BA.2.54	-9e-05	-0.0	0	6	8
BA.2.55	21L (Omicron)	BA.2.55	BA.2.55	-9e-05	-0.0	0	6	8
BA.2.58	21L (Omicron)	BA.2.58	BA.2.58	-9e-05	-0.0	0	5	8
BA.2.59	21L (Omicron)	BA.2.59	BA.2.59	-9e-05	-0.0	0	5	10
BA.2.60	21L (Omicron)	BA.2.60	BA.2.60	-9e-05	-0.0	0	6	10
BA.2.62	21L (Omicron)	BA.2.62	BA.2.62	-9e-05	-0.0	0	4	9
BA.2.63	21L (Omicron)	BA.2.63	BA.2.63	-9e-05	-0.0	0	4	10
BA.2.61	21L (Omicron)	BA.2.61	BA.2.61	-9e-05	-0.0	0	5	8
BA.2.65	21L (Omicron)	BA.2.65	BA.2.65	-9e-05	-0.0	0	4	9
BA.2.64	21L (Omicron)	BA.2.64	BA.2.64	-9e-05	-0.0	0	4	9
BA.2.70	21L (Omicron)	BA.2.70	BA.2.70	-9e-05	-0.0	0	4	11
BA.2.77	21L (Omicron)	BA.2.77	BA.2.77	0.38002377	0.92132	4	7	12
BA.2.8	21L (Omicron)	BA.2.8	BA.2.8	-9e-05	-0.0	0	4	9
BA.2.83	21L (Omicron)	BA.2.83	BA.2.83	0.17930287	1.12534	4	10	15
BA.2.82	21L (Omicron)	BA.2.82	BA.2.82	0.21548713	0.11142	1	5	10
BA.2.85	21L (Omicron)	BA.2.85	BA.2.85	-9e-05	-0.0	0	5	9
BA.2.2	21L (Omicron)	BA.2.2	BA.2.2	-9e-05	-0.0	0	5	10
BA.2.2.1	21L (Omicron)	BA.2.2.1	BA.2.2.1	-9e-05	-0.0	0	5	11
BA.2.23.1	21L (Omicron)	BA.2.23.1	BA.2.23.1	-9e-05	-0.0	0	4	12
BA.2.23	21L (Omicron)	BA.2.23	BA.2.23	-9e-05	-0.0	0	4	9
BA.2.31.1	21L (Omicron)	BA.2.31.1	BA.2.31.1	-9e-05	-0.0	0	5	9
BA.2.31	21L (Omicron)	BA.2.31	BA.2.31	-9e-05	-0.0	0	4	9
BA.2.33	21L (Omicron)	BA.2.33	BA.2.33	-9e-05	-0.0	0	4	9
BA.2.35	21L (Omicron)	BA.2.35	BA.2.35	0.17180425	-0.04096	1	4	9
BA.2.40	21L (Omicron)	BA.2.40	BA.2.40	-9e-05	-0.0	0	4	9
BA.2.40.1	21L (Omicron)	BA.2.40.1	BA.2.40.1	0.04731597	0.23107	1	4	9
BA.2.56	21L (Omicron)	BA.2.56	BA.2.56	0.17180425	0.10556	1	4	8
BA.2.56.1	21L (Omicron)	BA.2.56.1	BA.2.56.1	0.17180425	0.10556	1	6	8
BA.2.10	21L (Omicron)	BA.2.10	BA.2.10	-9e-05	-0.0	0	4	9
BA.2.10.2	21L (Omicron)	BA.2.10.2	BA.2.10.2	-9e-05	-0.0	0	4	10
BA.2.10.3	21L (Omicron)	BA.2.10.3	BA.2.10.3	-9e-05	-0.0	0	5	9
BA.2.10.4	21L (Omicron)	BA.2.10.4	BA.2.10.4	0.36246357	0.73328	4	7	11
BA.2.10.1	21L (Omicron)	BA.2.10.1	BA.2.10.1	-9e-05	-0.0	0	5	9
BJ.1	21L (Omicron)	BJ.1	BA.2.10.1.1	0.57142702	0.09519	7	11	14
BA.2.14	21L (Omicron)	BA.2.14	BA.2.14	-9e-05	-0.0	0	5	8
BA.2.22	21L (Omicron)	BA.2.22	BA.2.22	-9e-05	-0.0	0	5	9
BA.2.34	21L (Omicron)	BA.2.34	BA.2.34	-9e-05	-0.0	0	4	9
BA.2.36	21L (Omicron)	BA.2.36	BA.2.36	-9e-05	-0.0	0	5	8
BA.2.47	21L (Omicron)	BA.2.47	BA.2.47	-9e-05	-0.0	0	6	9
BA.2.49	21L (Omicron)	BA.2.49	BA.2.49	-9e-05	-0.0	0	4	9
BA.2.51	21L (Omicron)	BA.2.51	BA.2.51	-9e-05	-0.0	0	5	8
BA.2.52	21L (Omicron)	BA.2.52	BA.2.52	-9e-05	-0.0	0	4	9
BA.2.6	21L (Omicron)	BA.2.6	BA.2.6	-9e-05	-0.0	0	4	9
BA.2.69	21L (Omicron)	BA.2.69	BA.2.69	-9e-05	-0.0	0	4	9
BA.2.7	21L (Omicron)	BA.2.7	BA.2.7	-9e-05	-0.0	0	4	9
BA.2.71	21L (Omicron)	BA.2.71	BA.2.71	-9e-05	-0.0	0	5	8
BA.2.72	21L (Omicron)	BA.2.72	BA.2.72	-9e-05	-0.0	0	5	8
BA.2.80	21L (Omicron)	BA.2.80	BA.2.80	0.37992995	0.10838	2	4	10
BA.2.81	21L (Omicron)	BA.2.81	BA.2.81	0.17180425	0.10556	1	4	9
BA.2.25	21L (Omicron)	BA.2.25	BA.2.25	-9e-05	-0.0	0	4	9
BA.2.25.1	21L (Omicron)	BA.2.25.1	BA.2.25.1	-9e-05	-0.0	0	4	10
BA.2.45	21L (Omicron)	BA.2.45	BA.2.45	0.06752447	-0.30756	1	4	8
BA.2.53	21L (Omicron)	BA.2.53	BA.2.53	0.06752447	-0.33553	1	4	9
BA.2.44	21L (Omicron)	BA.2.44	BA.2.44	0.017546	0.11285	1	4	8
BA.2.13.1	21L (Omicron)	BA.2.13.1	BA.2.13.1	0.17180425	0.10556	1	5	9
BA.2.13	21L (Omicron)	BA.2.13	BA.2.13	0.17180425	0.10556	1	4	8
BA.2.9	21L (Omicron)	BA.2.9	BA.2.9	-9e-05	-0.0	0	4	9
BA.2.9.3	21L (Omicron)	BA.2.9.3	BA.2.9.3	-9e-05	-0.0	0	5	9
BA.2.9.4	21L (Omicron)	BA.2.9.4	BA.2.9.4	0.21548713	0.11142	1	4	10
BA.2.9.2	21L (Omicron)	BA.2.9.2	BA.2.9.2	-9e-05	-0.0	0	4	10
BA.2.9.1	21L (Omicron)	BA.2.9.1	BA.2.9.1	0.17180425	0.10556	1	4	12
BA.2.9.5	21L (Omicron)	BA.2.9.5	BA.2.9.5	-9e-05	-0.0	0	4	10
BA.2.9.6	21L (Omicron)	BA.2.9.6	BA.2.9.6	0.17180425	0.10556	1	4	11
BA.2.9.7	21L (Omicron)	BA.2.9.7	BA.2.9.7	-9e-05	-0.0	0	5	13
BA.2.3	21L (Omicron)	BA.2.3	BA.2.3	-9e-05	-0.0	0	4	10
BA.2.3.1	21L (Omicron)	BA.2.3.1	BA.2.3.1	-9e-05	-0.0	0	5	10
BA.2.3.10	21L (Omicron)	BA.2.3.10	BA.2.3.10	-9e-05	-0.0	0	4	11
BA.2.3.11	21L (Omicron)	BA.2.3.11	BA.2.3.11	-9e-05	-0.0	0	4	11
BA.2.3.12	21L (Omicron)	BA.2.3.12	BA.2.3.12	-9e-05	-0.0	0	4	12
BA.2.3.15	21L (Omicron)	BA.2.3.15	BA.2.3.15	-9e-05	-0.0	0	5	10
BA.2.3.14	21L (Omicron)	BA.2.3.14	BA.2.3.14	-9e-05	-0.0	0	4	11
BA.2.3.13	21L (Omicron)	BA.2.3.13	BA.2.3.13	-9e-05	-0.0	0	4	11
BA.2.3.18	21L (Omicron)	BA.2.3.18	BA.2.3.18	-9e-05	-0.0	0	4	12
BA.2.3.17	21L (Omicron)	BA.2.3.17	BA.2.3.17	-9e-05	-0.0	0	4	12
BA.2.3.19	21L (Omicron)	BA.2.3.19	BA.2.3.19	0.04731597	0.23107	1	4	13
BA.2.3.4	21L (Omicron)	BA.2.3.4	BA.2.3.4	-9e-05	-0.0	0	5	10
BA.2.3.5	21L (Omicron)	BA.2.3.5	BA.2.3.5	-9e-05	-0.0	0	4	11
BA.2.3.7	21L (Omicron)	BA.2.3.7	BA.2.3.7	-9e-05	-0.0	0	5	12
BA.2.3.6	21L (Omicron)	BA.2.3.6	BA.2.3.6	-9e-05	-0.0	0	5	10
BA.2.3.9	21L (Omicron)	BA.2.3.9	BA.2.3.9	-9e-05	-0.0	0	4	11
BA.2.3.8	21L (Omicron)	BA.2.3.8	BA.2.3.8	-9e-05	-0.0	0	4	12
BA.2.3.16	21L (Omicron)	BA.2.3.16	BA.2.3.16	-9e-05	-0.0	0	4	11
BP.1	21L (Omicron)	BP.1	BA.2.3.16.1	0.36609407	0.94569	3	9	15
BA.2.3.21	21L (Omicron)	BA.2.3.21	BA.2.3.21	0.01970943	1.06758	1	5	10
DD.1	21L (Omicron)	DD.1	BA.2.3.21.1	0.34880558	0.96834	6	10	10
BA.2.3.2	21L (Omicron)	BA.2.3.2	BA.2.3.2	-9e-05	-0.0	0	4	11
BS.1.1	21L (Omicron)	BS.1.1	BA.2.3.2.1.1	0.63695289	0.6589	6	7	36
BS.1	21L (Omicron)	BS.1	BA.2.3.2.1	0.4679087	0.66194	5	7	34
BS.1.2	21L (Omicron)	BS.1.2	BA.2.3.2.1.2	0.4747569	0.66821	6	7	34
BA.2.3.20	21L (Omicron)	BA.2.3.20	BA.2.3.20	0.59250379	1.06344	6	8	18
CM.1	21L (Omicron)	CM.1	BA.2.3.20.1	0.59250379	1.06344	6	9	18
CM.4	21L (Omicron)	CM.4	BA.2.3.20.4	0.59250379	1.06344	6	8	19
CM.5	21L (Omicron)	CM.5	BA.2.3.20.5	0.59250379	1.06344	6	8	18
CM.5.1	21L (Omicron)	CM.5.1	BA.2.3.20.5.1	0.59250379	1.06344	6	9	18
CM.6	21L (Omicron)	CM.6	BA.2.3.20.6	0.59250379	1.06344	6	8	19
CM.6.1	21L (Omicron)	CM.6.1	BA.2.3.20.6.1	0.78150726	0.94403	7	8	21
CM.8	21L (Omicron)	CM.8	BA.2.3.20.8	0.63712402	0.99403	7	8	18
CM.8.1	21L (Omicron)	CM.8.1	BA.2.3.20.8.1	0.88908332	0.17484	8	8	18
CM.2	21L (Omicron)	CM.2	BA.2.3.20.2	0.59250379	1.06344	6	8	19
CM.3	21L (Omicron)	CM.3	BA.2.3.20.3	0.65615296	0.29833	7	8	18
CM.7	21L (Omicron)	CM.7	BA.2.3.20.7	0.83352581	0.24425	7	8	18
CM.9	21L (Omicron)	CM.9	BA.2.3.20.9	0.59250379	1.06344	6	9	18
BA.2.17	21L (Omicron)	BA.2.17	BA.2.17	-9e-05	-0.0	0	4	9
BA.2.21	21L (Omicron)	BA.2.21	BA.2.21	-9e-05	-0.0	0	4	10
BA.2.37	21L (Omicron)	BA.2.37	BA.2.37	-9e-05	-0.0	0	4	9
BA.2.57	21L (Omicron)	BA.2.57	BA.2.57	-9e-05	-0.0	0	4	9
BA.2.68	21L (Omicron)	BA.2.68	BA.2.68	-9e-05	-0.0	0	4	9
BA.2.66	21L (Omicron)	BA.2.66	BA.2.66	-9e-05	-0.0	0	4	10
BA.2.73	21L (Omicron)	BA.2.73	BA.2.73	-9e-05	-0.0	0	5	9
BA.2.74	21L (Omicron)	BA.2.74	BA.2.74	0.34754626	0.21698	2	4	9
BA.2.78	21L (Omicron)	BA.2.78	BA.2.78	0.17180425	0.10556	1	4	9
BA.2.67	21L (Omicron)	BA.2.67	BA.2.67	-9e-05	-0.0	0	4	9
BA.2.79	21L (Omicron)	BA.2.79	BA.2.79	0.15239383	-0.05858	1	5	9
BA.2.79.1	21L (Omicron)	BA.2.79.1	BA.2.79.1	0.15239383	-0.05858	1	5	11
BA.2.76	21L (Omicron)	BA.2.76	BA.2.76	0.21548713	0.11142	1	5	8
BA.2.76.1	21L (Omicron)	BA.2.76.1	BA.2.76.1	0.28000064	0.18492	2	5	10
BA.2.76.2	21L (Omicron)	BA.2.76.2	BA.2.76.2	0.21548713	0.11142	1	6	10
BA.2.38	21L (Omicron)	BA.2.38	BA.2.38	0.04731597	0.23107	1	4	8
BA.2.38.3	21L (Omicron)	BA.2.38.3	BA.2.38.3	0.05044324	0.08446	2	8	8
BH.1	21L (Omicron)	BH.1	BA.2.38.3.1	0.352981	-0.11188	4	9	10
BA.2.38.1	21L (Omicron)	BA.2.38.1	BA.2.38.1	0.22640032	0.07569	2	6	8
BA.2.38.2	21L (Omicron)	BA.2.38.2	BA.2.38.2	0.22640032	0.07569	2	5	11
BA.2.38.4	21L (Omicron)	BA.2.38.4	BA.2.38.4	0.22640032	0.07569	2	6	8
BA.2.12	21L (Omicron)	BA.2.12	BA.2.12	-9e-05	-0.0	0	5	8
BA.2.12.2	21L (Omicron)	BA.2.12.2	BA.2.12.2	0.06066448	0.0735	1	5	9
BA.2.12.1	22C (Omicron)	BA.2.12.1	BA.2.12.1	0.17180425	-0.12693	1	5	8
BG.1	22C (Omicron)	BG.1	BA.2.12.1.1	0.17180425	-0.12693	1	5	10
BG.2	22C (Omicron)	BG.2	BA.2.12.1.2	0.17180425	-0.12693	1	6	12
BG.4	22C (Omicron)	BG.4	BA.2.12.1.4	0.17180425	-0.12693	1	5	11
BG.5	22C (Omicron)	BG.5	BA.2.12.1.5	0.17180425	-0.12693	1	5	9
BG.3	22C (Omicron)	BG.3	BA.2.12.1.3	0.17180425	-0.12693	1	5	9
BG.6	22C (Omicron)	BG.6	BA.2.12.1.6	0.17180425	-0.12693	1	6	9
BG.7	22C (Omicron)	BG.7	BA.2.12.1.7	0.17180425	-0.12693	1	5	12
BA.2.75.10	22D (Omicron)	BA.2.75.10	BA.2.75.10	0.19126716	1.17547	4	9	14
BA.2.75	22D (Omicron)	BA.2.75	BA.2.75	0.19126716	1.17547	4	9	13
BA.2.75.7	22D (Omicron)	BA.2.75.7	BA.2.75.7	0.37520611	0.35628	5	9	13
BA.2.75.8	22D (Omicron)	BA.2.75.8	BA.2.75.8	0.36448491	1.04854	5	9	15
BA.2.75.9	22D (Omicron)	BA.2.75.9	BA.2.75.9	0.40549464	1.28689	5	9	13
CB.1	22D (Omicron)	CB.1	BA.2.75.9.1	0.63387938	0.81858	6	9	13
BA.2.75.4	22D (Omicron)	BA.2.75.4	BA.2.75.4	0.36448491	1.13451	5	9	13
BR.2.1	22D (Omicron)	BR.2.1	BA.2.75.4.2.1	0.80526622	0.74721	7	9	14
BR.2	22D (Omicron)	BR.2	BA.2.75.4.2	0.80526622	0.74721	7	9	13
BR.3	22D (Omicron)	BR.3	BA.2.75.4.3	0.54115055	1.24593	6	9	14
BR.4	22D (Omicron)	BR.4	BA.2.75.4.4	0.41153441	1.10514	6	9	14
BR.1	22D (Omicron)	BR.1	BA.2.75.4.1	0.4609334	0.94495	6	9	13
BR.1.1	22D (Omicron)	BR.1.1	BA.2.75.4.1.1	0.4609334	0.94495	6	10	13
BR.1.2	22D (Omicron)	BR.1.2	BA.2.75.4.1.2	0.70624254	0.12576	7	9	13
BA2754	22D (Omicron)	BA.2.75.4	BA.2.75.4	?	?	5	9	13
BA.2.75.1	22D (Omicron)	BA.2.75.1	BA.2.75.1	0.19126716	1.17547	4	10	13
BL.4	22D (Omicron)	BL.4	BA.2.75.1.4	0.19126716	1.17547	4	10	14
BL.3	22D (Omicron)	BL.3	BA.2.75.1.3	0.19126716	1.17547	4	10	14
BL.5	22D (Omicron)	BL.5	BA.2.75.1.5	0.40549464	1.16854	5	10	14
BL.2	22D (Omicron)	BL.2	BA.2.75.1.2	0.40549464	1.28689	5	10	13
BL.2.1	22D (Omicron)	BL.2.1	BA.2.75.1.2.1	0.40549464	1.28689	5	11	14
BL.1	22D (Omicron)	BL.1	BA.2.75.1.1	0.40549464	1.28689	5	10	13
BL.1.1	22D (Omicron)	BL.1.1	BA.2.75.1.1.1	0.40549464	1.28689	5	11	13
BL.1.2	22D (Omicron)	BL.1.2	BA.2.75.1.1.2	0.40549464	1.28689	5	12	13
BL.1.3	22D (Omicron)	BL.1.3	BA.2.75.1.1.3	0.57145088	1.19193	6	10	15
BL.1.4	22D (Omicron)	BL.1.4	BA.2.75.1.1.4	0.57145088	1.34644	6	10	15
BA.2.75.6	22D (Omicron)	BA.2.75.6	BA.2.75.6	0.40549464	1.28689	5	9	13
BY.1	22D (Omicron)	BY.1	BA.2.75.6.1	0.63387938	0.4677	6	9	13
BY.1.1	22D (Omicron)	BY.1.1	BA.2.75.6.1.1	0.80526622	0.42674	7	9	13
BY.1.1.1	22D (Omicron)	BY.1.1.1	BA.2.75.6.1.1.1	0.80526622	0.42674	7	11	15
BY.1.2.1	22D (Omicron)	BY.1.2.1	BA.2.75.6.1.2.1	0.67008459	0.41647	7	9	15
BY.1.2	22D (Omicron)	BY.1.2	BA.2.75.6.1.2	0.63387938	0.4677	6	9	13
BA.2.75.2	22D (Omicron)	BA.2.75.2	BA.2.75.2	0.63387938	0.4677	6	10	13
CA.1	22D (Omicron)	CA.1	BA.2.75.2.1	0.80526622	0.42674	7	11	16
CA.2	22D (Omicron)	CA.2	BA.2.75.2.2	0.67008459	0.41647	7	10	13
CA.4	22D (Omicron)	CA.4	BA.2.75.2.4	0.63387938	1.07323	6	10	14
CA.5	22D (Omicron)	CA.5	BA.2.75.2.5	0.63387938	0.4677	6	12	13
CA.7	22D (Omicron)	CA.7	BA.2.75.2.7	0.80526622	0.42674	7	10	14
CA.6	22D (Omicron)	CA.6	BA.2.75.2.6	0.63387938	0.4677	6	10	14
CA.3	22D (Omicron)	CA.3	BA.2.75.2.3	0.63387938	0.4677	6	10	15
CA.3.1	22D (Omicron)	CA.3.1	BA.2.75.2.3.1	0.90680506	0.23718	8	10	15
BA.2.75.5	22D (Omicron)	BA.2.75.5	BA.2.75.5	0.40056346	1.17243	5	9	13
BN.4	22D (Omicron)	BN.4	BA.2.75.5.4	0.5637276	1.14197	6	9	14
BN.5	22D (Omicron)	BN.5	BA.2.75.5.5	0.40056346	1.17243	5	9	14
BN.6	22D (Omicron)	BN.6	BA.2.75.5.6	0.40056346	1.17243	5	9	14
BN.2.1	22D (Omicron)	BN.2.1	BA.2.75.5.2.1	0.5637276	1.14197	6	10	14
BN.2	22D (Omicron)	BN.2	BA.2.75.5.2	0.40056346	1.17243	5	9	14
BN.3	22D (Omicron)	BN.3	BA.2.75.5.3	0.5401418	1.11385	6	9	16
BN.3.1	22D (Omicron)	BN.3.1	BA.2.75.5.3.1	0.68747718	1.08339	7	9	18
BN.1	22D (Omicron)	BN.1	BA.2.75.5.1	0.76073951	1.25339	7	9	13
BN.1.5	22D (Omicron)	BN.1.5	BA.2.75.5.1.5	0.76073951	1.25339	7	9	14
BN.1.4	22D (Omicron)	BN.1.4	BA.2.75.5.1.4	0.76073951	1.25339	7	9	13
BN.1.6	22D (Omicron)	BN.1.6	BA.2.75.5.1.6	0.76073951	1.25339	7	10	14
BN.1.7	22D (Omicron)	BN.1.7	BA.2.75.5.1.7	0.76073951	1.25339	7	13	13
BN.1.1	22D (Omicron)	BN.1.1	BA.2.75.5.1.1	0.77985918	1.20216	8	9	13
BN.1.1.1	22D (Omicron)	BN.1.1.1	BA.2.75.5.1.1.1	0.77985918	1.20216	8	10	13
BN.1.2	22D (Omicron)	BN.1.2	BA.2.75.5.1.2	0.76073951	1.25339	7	9	14
BN.1.2.1	22D (Omicron)	BN.1.2.1	BA.2.75.5.1.2.1	0.78700469	1.21326	8	9	15
BN.1.3	22D (Omicron)	BN.1.3	BA.2.75.5.1.3	0.76073951	1.25339	7	9	14
BN.1.3.1	22D (Omicron)	BN.1.3.1	BA.2.75.5.1.3.1	0.76073951	1.25339	7	9	16
BA.2.75.3	22D (Omicron)	BA.2.75.3	BA.2.75.3	0.19126716	1.17547	4	9	14
BM.3	22D (Omicron)	BM.3	BA.2.75.3.3	0.19126716	1.17547	4	9	15
BM.5	22D (Omicron)	BM.5	BA.2.75.3.5	0.23507393	1.15852	5	9	14
BM.6	22D (Omicron)	BM.6	BA.2.75.3.6	0.23507393	1.15852	5	10	16
BM.2	22D (Omicron)	BM.2	BA.2.75.3.2	0.40549464	1.28689	5	9	14
BM.2.2	22D (Omicron)	BM.2.2	BA.2.75.3.2.2	0.4573279	1.26994	6	9	14
BM.2.1	22D (Omicron)	BM.2.1	BA.2.75.3.2.1	0.63387938	0.81858	6	9	14
BM.2.3	22D (Omicron)	BM.2.3	BA.2.75.3.2.3	0.63387938	0.78817	6	10	14
BM.4	22D (Omicron)	BM.4	BA.2.75.3.4	0.19126716	1.17547	4	9	15
BM.4.1	22D (Omicron)	BM.4.1	BA.2.75.3.4.1	0.37520611	0.35628	5	9	15
BM.4.1.1	22D (Omicron)	BM.4.1.1	BA.2.75.3.4.1.1	0.63387938	0.4677	6	9	15
CH.2	22D (Omicron)	CH.2	BA.2.75.3.4.1.1.2	0.63387938	0.4677	6	10	15
CH.1.1	22D (Omicron)	CH.1.1	BA.2.75.3.4.1.1.1.1	0.90680506	0.32796	8	9	16
CH.1	22D (Omicron)	CH.1	BA.2.75.3.4.1.1.1	0.7375915	0.36892	7	9	16
BM.1	22D (Omicron)	BM.1	BA.2.75.3.1	0.37520611	0.35628	5	9	14
BM.1.1	22D (Omicron)	BM.1.1	BA.2.75.3.1.1	0.63387938	0.4677	6	9	14
BM.1.1.2	22D (Omicron)	BM.1.1.2	BA.2.75.3.1.1.2	0.63387938	0.4677	6	12	18
BM.1.1.1	22D (Omicron)	BM.1.1.1	BA.2.75.3.1.1.1	0.83664217	0.43724	7	9	14
CJ.1	22D (Omicron)	CJ.1	BA.2.75.3.1.1.1.1	0.83664217	1.04277	7	9	14
BM.1.1.3	22D (Omicron)	BM.1.1.3	BA.2.75.3.1.1.3	0.63387938	0.4677	6	9	14
CV.1	22D (Omicron)	CV.1	BA.2.75.3.1.1.3.1	0.80526622	0.42674	7	9	15
BA.4.8	22A (Omicron)	BA.4.8	BA.4.8	0.38632472	0.55831	3	6	8
BA.4	22A (Omicron)	BA.4	BA.4	0.38632472	0.55831	3	6	12
BA.4.2	22A (Omicron)	BA.4.2	BA.4.2	0.38632472	0.55831	3	6	13
BA.4.3	22A (Omicron)	BA.4.3	BA.4.3	0.38632472	0.55831	3	7	13
BA.4.5	22A (Omicron)	BA.4.5	BA.4.5	0.38632472	0.55831	3	9	12
BA.4.4	22A (Omicron)	BA.4.4	BA.4.4	0.38632472	0.55831	3	7	13
BA.4.7	22A (Omicron)	BA.4.7	BA.4.7	0.6014234	0.55138	4	7	13
BA.4.6.1	22A (Omicron)	BA.4.6.1	BA.4.6.1	0.6014234	0.66973	4	8	12
BA.4.6	22A (Omicron)	BA.4.6	BA.4.6	0.6014234	0.66973	4	7	12
BA.4.6.2	22A (Omicron)	BA.4.6.2	BA.4.6.2	0.73609395	0.50263	5	7	14
BA.4.6.3	22A (Omicron)	BA.4.6.3	BA.4.6.3	0.83137808	0.71883	6	8	13
BA.4.6.4	22A (Omicron)	BA.4.6.4	BA.4.6.4	0.6014234	0.66973	4	7	13
BA.4.6.5	22A (Omicron)	BA.4.6.5	BA.4.6.5	0.6014234	0.66973	4	7	13
DC.1	22A (Omicron)	DC.1	BA.4.6.5.1	0.64619624	0.66094	5	7	13
BA.4.1	22A (Omicron)	BA.4.1	BA.4.1	0.38632472	0.55831	3	7	12
BA.4.1.1	22A (Omicron)	BA.4.1.1	BA.4.1.1	0.38632472	0.55831	3	8	12
BA.4.1.3	22A (Omicron)	BA.4.1.3	BA.4.1.3	0.38632472	0.55831	3	7	14
BA.4.1.4	22A (Omicron)	BA.4.1.4	BA.4.1.4	0.38632472	0.55831	3	8	12
BA.4.1.5	22A (Omicron)	BA.4.1.5	BA.4.1.5	0.38632472	0.55831	3	7	13
BA.4.1.6	22A (Omicron)	BA.4.1.6	BA.4.1.6	0.38632472	0.55831	3	7	13
BA.4.1.8	22A (Omicron)	BA.4.1.8	BA.4.1.8	0.6014234	0.66973	4	7	14
BA.4.1.9	22A (Omicron)	BA.4.1.9	BA.4.1.9	0.6014234	0.66973	4	7	12
BA.4.1.10	22A (Omicron)	BA.4.1.10	BA.4.1.10	0.6594692	0.67074	5	7	13
CS.1	22A (Omicron)	CS.1	BA.4.1.10.1	0.84577403	0.57028	6	7	14
BA.4.1.2	22A (Omicron)	BA.4.1.2	BA.4.1.2	0.38632472	0.55831	3	7	15
BA.4.1.7	22A (Omicron)	BA.4.1.7	BA.4.1.7	0.38632472	0.55831	3	8	15
BA.5	22B (Omicron)	BA.5	BA.5	0.38632472	0.55831	3	6	9
BA.5.9	22B (Omicron)	BA.5.9	BA.5.9	0.6014234	0.39901	4	6	10
BA.5.7	22B (Omicron)	BA.5.7	BA.5.7	0.38632472	0.55831	3	6	13
BA.5.8	22B (Omicron)	BA.5.8	BA.5.8	0.38632472	0.55831	3	7	12
BA.5.5	22B (Omicron)	BA.5.5	BA.5.5	0.38632472	0.55831	3	7	9
BA.5.5.2	22B (Omicron)	BA.5.5.2	BA.5.5.2	0.38632472	0.55831	3	7	10
BA.5.5.1	22B (Omicron)	BA.5.5.1	BA.5.5.1	0.50267174	0.49973	4	7	10
BA.5.5.3	22B (Omicron)	BA.5.5.3	BA.5.5.3	0.38632472	0.55831	3	7	11
BA.5.6	22B (Omicron)	BA.5.6	BA.5.6	0.38632472	0.55831	3	6	11
BA.5.6.2	22B (Omicron)	BA.5.6.2	BA.5.6.2	0.58592522	0.45953	4	6	11
BW.1	22B (Omicron)	BW.1	BA.5.6.2.1	0.6306944	0.66401	5	6	12
BA.5.6.1	22B (Omicron)	BA.5.6.1	BA.5.6.1	0.38632472	0.55831	3	6	12
BA.5.6.4	22B (Omicron)	BA.5.6.4	BA.5.6.4	0.6014234	0.58831	4	6	12
BA.5.6.3	22B (Omicron)	BA.5.6.3	BA.5.6.3	0.6014234	0.66973	4	6	12
BA.5.1	22B (Omicron)	BA.5.1	BA.5.1	0.38632472	0.55831	3	6	9
BA.5.1.12	22B (Omicron)	BA.5.1.12	BA.5.1.12	0.50461082	0.39121	4	6	9
BA.5.1.11	22B (Omicron)	BA.5.1.11	BA.5.1.11	0.38632472	0.55831	3	6	12
BA.5.1.15	22B (Omicron)	BA.5.1.15	BA.5.1.15	0.38632472	0.55831	3	6	10
BA.5.1.16	22B (Omicron)	BA.5.1.16	BA.5.1.16	0.38632472	0.55831	3	6	11
BA.5.1.14	22B (Omicron)	BA.5.1.14	BA.5.1.14	0.38632472	0.55831	3	6	10
BA.5.1.17	22B (Omicron)	BA.5.1.17	BA.5.1.17	0.38632472	0.55831	3	6	10
BA.5.1.2	22B (Omicron)	BA.5.1.2	BA.5.1.2	0.38632472	0.55831	3	6	10
BA.5.1.25	22B (Omicron)	BA.5.1.25	BA.5.1.25	0.38632472	0.55831	3	6	10
BA.5.1.24	22B (Omicron)	BA.5.1.24	BA.5.1.24	0.38632472	0.55831	3	6	10
BA.5.1.28	22B (Omicron)	BA.5.1.28	BA.5.1.28	0.6014234	0.66973	4	6	9
BA.5.1.3	22B (Omicron)	BA.5.1.3	BA.5.1.3	0.38632472	0.55831	3	7	9
BA.5.1.30	22B (Omicron)	BA.5.1.30	BA.5.1.30	0.38632472	0.55831	3	6	10
BA.5.1.4	22B (Omicron)	BA.5.1.4	BA.5.1.4	0.38632472	0.55831	3	6	12
BA.5.1.6	22B (Omicron)	BA.5.1.6	BA.5.1.6	0.38632472	0.55831	3	6	10
BA.5.1.7	22B (Omicron)	BA.5.1.7	BA.5.1.7	0.38632472	0.55831	3	6	11
BA.5.1.5	22B (Omicron)	BA.5.1.5	BA.5.1.5	0.38632472	0.55831	3	7	9
BA.5.1.8	22B (Omicron)	BA.5.1.8	BA.5.1.8	0.38632472	0.55831	3	6	11
BA.5.1.10	22B (Omicron)	BA.5.1.10	BA.5.1.10	0.38632472	0.55831	3	6	11
BK.1	22B (Omicron)	BK.1	BA.5.1.10.1	0.38632472	0.55831	3	6	12
BA.5.1.22	22B (Omicron)	BA.5.1.22	BA.5.1.22	0.38632472	0.55831	3	6	10
DH.1	22B (Omicron)	DH.1	BA.5.1.22.1	0.38632472	0.55831	3	8	12
BA.5.1.26	22B (Omicron)	BA.5.1.26	BA.5.1.26	0.6014234	0.66973	4	6	10
CU.1	22B (Omicron)	CU.1	BA.5.1.26.1	0.6014234	0.66973	4	8	10
BA.5.1.23	22B (Omicron)	BA.5.1.23	BA.5.1.23	0.38632472	0.55831	3	6	10
DE.1	22B (Omicron)	DE.1	BA.5.1.23.1	0.38632472	0.55831	3	7	10
DE.2	22B (Omicron)	DE.2	BA.5.1.23.2	0.6014234	0.66973	4	7	13
BA.5.1.27	22B (Omicron)	BA.5.1.27	BA.5.1.27	0.6014234	0.66973	4	6	11
BA.5.1.29	22B (Omicron)	BA.5.1.29	BA.5.1.29	0.58592522	0.40293	4	6	11
CL.1	22B (Omicron)	CL.1	BA.5.1.29.1	0.6306944	0.60741	5	7	12
BA.5.1.1	22B (Omicron)	BA.5.1.1	BA.5.1.1	0.38632472	0.55831	3	6	10
BA.5.1.19	22B (Omicron)	BA.5.1.19	BA.5.1.19	0.38632472	0.55831	3	6	10
BA.5.1.20	22B (Omicron)	BA.5.1.20	BA.5.1.20	0.6014234	0.66973	4	6	10
BA.5.1.9	22B (Omicron)	BA.5.1.9	BA.5.1.9	0.38632472	0.55831	3	6	11
BA.5.1.18	22B (Omicron)	BA.5.1.18	BA.5.1.18	0.6014234	0.66973	4	6	14
BA.5.1.21	22B (Omicron)	BA.5.1.21	BA.5.1.21	0.38632472	0.55831	3	6	11
BT.1	22B (Omicron)	BT.1	BA.5.1.21.1	0.38632472	0.55831	3	6	12
BT.2	22B (Omicron)	BT.2	BA.5.1.21.2	0.38632472	0.55831	3	6	12
BA.5.3	22B (Omicron)	BA.5.3	BA.5.3	0.38632472	0.55831	3	6	10
BA.5.3.3	22B (Omicron)	BA.5.3.3	BA.5.3.3	0.38632472	0.55831	3	6	33
BA.5.3.5	22B (Omicron)	BA.5.3.5	BA.5.3.5	0.6014234	0.66973	4	6	32
BA.5.3.2	22B (Omicron)	BA.5.3.2	BA.5.3.2	0.38632472	0.55831	3	6	11
BA.5.3.4	22B (Omicron)	BA.5.3.4	BA.5.3.4	0.38632472	0.55831	3	6	11
BA.5.3.1	22B (Omicron)	BA.5.3.1	BA.5.3.1	0.38632472	0.55831	3	6	11
BE.2	22B (Omicron)	BE.2	BA.5.3.1.2	0.38632472	0.55831	3	6	12
BE.3	22B (Omicron)	BE.3	BA.5.3.1.3	0.38632472	0.55831	3	6	13
BE.5	22B (Omicron)	BE.5	BA.5.3.1.5	0.38632472	0.55831	3	6	11
BE.7	22B (Omicron)	BE.7	BA.5.3.1.7	0.6014234	0.66973	4	6	92
BE.6	22B (Omicron)	BE.6	BA.5.3.1.6	0.6014234	0.55138	4	6	12
BE.8	22B (Omicron)	BE.8	BA.5.3.1.8	0.6014234	0.66973	4	6	93
BE.9	22B (Omicron)	BE.9	BA.5.3.1.9	0.6306944	0.66401	5	7	15
BE.4	22B (Omicron)	BE.4	BA.5.3.1.4	0.38632472	0.55831	3	6	12
BE.4.2	22B (Omicron)	BE.4.2	BA.5.3.1.4.2	0.6306944	0.60741	5	6	13
BE.4.1	22B (Omicron)	BE.4.1	BA.5.3.1.4.1	0.6014234	0.66973	4	7	13
BE.4.1.1	22B (Omicron)	BE.4.1.1	BA.5.3.1.4.1.1	0.77870218	0.56927	5	7	13
CQ.2	22B (Omicron)	CQ.2	BA.5.3.1.4.1.1.2	0.82206676	0.40217	6	8	14
CQ.1.1	22B (Omicron)	CQ.1.1	BA.5.3.1.4.1.1.1.1	0.77870218	0.56927	5	9	13
CQ.1	22B (Omicron)	CQ.1	BA.5.3.1.4.1.1.1	0.77870218	0.56927	5	8	13
BE.1	22B (Omicron)	BE.1	BA.5.3.1.1	0.38632472	0.55831	3	6	12
BE.1.3	22B (Omicron)	BE.1.3	BA.5.3.1.1.3	0.38632472	0.55831	3	8	18
BE.1.2	22B (Omicron)	BE.1.2	BA.5.3.1.1.2	0.6014234	0.66973	4	6	12
BE.1.2.1	22B (Omicron)	BE.1.2.1	BA.5.3.1.1.2.1	0.73609395	0.50263	5	6	13
BE.1.4	22B (Omicron)	BE.1.4	BA.5.3.1.1.4	0.38632472	0.55831	3	6	13
BE.1.4.4	22B (Omicron)	BE.1.4.4	BA.5.3.1.1.4.4	0.38632472	0.55831	3	7	13
BE.1.4.3	22B (Omicron)	BE.1.4.3	BA.5.3.1.1.4.3	0.50461082	0.39121	4	6	15
BE.1.4.2	22B (Omicron)	BE.1.4.2	BA.5.3.1.1.4.2	0.6014234	0.66973	4	6	17
BE.1.4.1	22B (Omicron)	BE.1.4.1	BA.5.3.1.1.4.1	0.38632472	0.55831	3	7	13
BE.1.1	22B (Omicron)	BE.1.1	BA.5.3.1.1.1	0.38632472	0.55831	3	6	13
BE.1.1.2	22B (Omicron)	BE.1.1.2	BA.5.3.1.1.1.2	0.38632472	0.55831	3	6	14
CC.1	22B (Omicron)	CC.1	BA.5.3.1.1.1.2.1	0.50267174	0.49973	4	6	15
BE.1.1.1	22B (Omicron)	BE.1.1.1	BA.5.3.1.1.1.1	0.58592522	0.45953	4	6	14
BQ.2	22B (Omicron)	BQ.2	BA.5.3.1.1.1.1.2	0.59198326	0.45205	4	7	14
BQ.1	22E (Omicron)	BQ.1	BA.5.3.1.1.1.1.1	0.6306944	0.66401	5	6	15
BQ.1.11	22E (Omicron)	BQ.1.11	BA.5.3.1.1.1.1.1.11	0.6306944	0.66401	5	6	15
BQ.1.15	22E (Omicron)	BQ.1.15	BA.5.3.1.1.1.1.1.15	0.6306944	0.66401	5	6	16
BQ.1.13	22E (Omicron)	BQ.1.13	BA.5.3.1.1.1.1.1.13	0.6306944	0.66401	5	6	16
BQ.1.12	22E (Omicron)	BQ.1.12	BA.5.3.1.1.1.1.1.12	0.6306944	0.66401	5	6	15
BQ.1.14	22E (Omicron)	BQ.1.14	BA.5.3.1.1.1.1.1.14	0.6306944	0.66401	5	6	15
BQ.1.17	22E (Omicron)	BQ.1.17	BA.5.3.1.1.1.1.1.17	0.6306944	0.57323	5	6	15
BQ.1.19	22E (Omicron)	BQ.1.19	BA.5.3.1.1.1.1.1.19	0.65288929	0.61278	6	6	15
BQ.1.2	22E (Omicron)	BQ.1.2	BA.5.3.1.1.1.1.1.2	0.6306944	0.66401	5	7	15
BQ.1.20	22E (Omicron)	BQ.1.20	BA.5.3.1.1.1.1.1.20	0.84795616	0.5446	6	6	15
BQ.1.21	22E (Omicron)	BQ.1.21	BA.5.3.1.1.1.1.1.21	0.83137808	0.65708	6	7	16
BQ.1.24	22E (Omicron)	BQ.1.24	BA.5.3.1.1.1.1.1.24	0.83137808	0.77543	6	7	15
BQ.1.25	22E (Omicron)	BQ.1.25	BA.5.3.1.1.1.1.1.25	0.83137808	0.77543	6	6	15
BQ.1.3	22E (Omicron)	BQ.1.3	BA.5.3.1.1.1.1.1.3	0.6306944	0.66401	5	7	16
BQ.1.26	22E (Omicron)	BQ.1.26	BA.5.3.1.1.1.1.1.26	0.6306944	0.66401	5	7	17
BQ.1.5	22E (Omicron)	BQ.1.5	BA.5.3.1.1.1.1.1.5	0.6306944	0.66401	5	6	16
BQ.1.4	22E (Omicron)	BQ.1.4	BA.5.3.1.1.1.1.1.4	0.6306944	0.66401	5	7	17
BQ.1.6	22E (Omicron)	BQ.1.6	BA.5.3.1.1.1.1.1.6	0.6306944	0.66401	5	6	16
BQ.1.7	22E (Omicron)	BQ.1.7	BA.5.3.1.1.1.1.1.7	0.6306944	0.66401	5	7	15
BQ.1.9	22E (Omicron)	BQ.1.9	BA.5.3.1.1.1.1.1.9	0.83137808	0.77543	6	6	16
BQ.1.10.1	22E (Omicron)	BQ.1.10.1	BA.5.3.1.1.1.1.1.10.1	0.6306944	0.66401	5	7	16
BQ.1.10	22E (Omicron)	BQ.1.10	BA.5.3.1.1.1.1.1.10	0.6306944	0.66401	5	6	15
BQ.1.16	22E (Omicron)	BQ.1.16	BA.5.3.1.1.1.1.1.16	0.6306944	0.66401	5	6	17
BQ.1.18	22E (Omicron)	BQ.1.18	BA.5.3.1.1.1.1.1.18	0.83137808	0.77543	6	7	17
BQ.1.22	22E (Omicron)	BQ.1.22	BA.5.3.1.1.1.1.1.22	0.83137808	0.77543	6	6	16
BQ.1.23	22E (Omicron)	BQ.1.23	BA.5.3.1.1.1.1.1.23	0.6306944	0.66401	5	7	16
BQ.1.8	22E (Omicron)	BQ.1.8	BA.5.3.1.1.1.1.1.8	0.6306944	0.66401	5	7	17
BQ.1.8.1	22E (Omicron)	BQ.1.8.1	BA.5.3.1.1.1.1.1.8.1	0.6306944	0.66401	5	9	17
BQ.1.8.2	22E (Omicron)	BQ.1.8.2	BA.5.3.1.1.1.1.1.8.2	0.6306944	0.66401	5	8	17
BQ.1.1	22E (Omicron)	BQ.1.1	BA.5.3.1.1.1.1.1.1	0.83137808	0.77543	6	6	16
BQ.1.1.10	22E (Omicron)	BQ.1.1.10	BA.5.3.1.1.1.1.1.1.10	0.83137808	0.77543	6	7	16
BQ.1.1.11	22E (Omicron)	BQ.1.1.11	BA.5.3.1.1.1.1.1.1.11	0.85481598	0.7242	7	6	17
BQ.1.1.13	22E (Omicron)	BQ.1.1.13	BA.5.3.1.1.1.1.1.1.13	0.83137808	0.77543	6	6	17
BQ.1.1.12	22E (Omicron)	BQ.1.1.12	BA.5.3.1.1.1.1.1.1.12	0.85481598	0.7242	7	6	17
BQ.1.1.15	22E (Omicron)	BQ.1.1.15	BA.5.3.1.1.1.1.1.1.15	0.83137808	0.77543	6	6	16
BQ.1.1.17	22E (Omicron)	BQ.1.1.17	BA.5.3.1.1.1.1.1.1.17	0.83137808	0.77543	6	6	17
BQ.1.1.16	22E (Omicron)	BQ.1.1.16	BA.5.3.1.1.1.1.1.1.16	0.83137808	0.77543	6	7	16
BQ.1.1.18	22E (Omicron)	BQ.1.1.18	BA.5.3.1.1.1.1.1.1.18	0.83137808	0.77543	6	6	16
BQ.1.1.20	22E (Omicron)	BQ.1.1.20	BA.5.3.1.1.1.1.1.1.20	0.83137808	0.77543	6	7	17
BQ.1.1.2	22E (Omicron)	BQ.1.1.2	BA.5.3.1.1.1.1.1.1.2	0.83137808	0.77543	6	7	17
BQ.1.1.19	22E (Omicron)	BQ.1.1.19	BA.5.3.1.1.1.1.1.1.19	0.83137808	0.77543	6	6	17
BQ.1.1.23	22E (Omicron)	BQ.1.1.23	BA.5.3.1.1.1.1.1.1.23	0.83137808	0.77543	6	6	17
BQ.1.1.22	22E (Omicron)	BQ.1.1.22	BA.5.3.1.1.1.1.1.1.22	0.83137808	0.77543	6	7	16
BQ.1.1.24	22E (Omicron)	BQ.1.1.24	BA.5.3.1.1.1.1.1.1.24	0.83137808	0.77543	6	6	16
BQ.1.1.4	22E (Omicron)	BQ.1.1.4	BA.5.3.1.1.1.1.1.1.4	0.83137808	0.77543	6	6	16
BQ.1.1.3	22E (Omicron)	BQ.1.1.3	BA.5.3.1.1.1.1.1.1.3	0.83137808	0.77543	6	6	16
BQ.1.1.21	22E (Omicron)	BQ.1.1.21	BA.5.3.1.1.1.1.1.1.21	0.83137808	0.77543	6	7	18
BQ.1.1.5	22E (Omicron)	BQ.1.1.5	BA.5.3.1.1.1.1.1.1.5	0.83137808	0.77543	6	6	18
BQ.1.1.6	22E (Omicron)	BQ.1.1.6	BA.5.3.1.1.1.1.1.1.6	0.83137808	0.77543	6	6	17
BQ.1.1.7	22E (Omicron)	BQ.1.1.7	BA.5.3.1.1.1.1.1.1.7	0.83137808	0.77543	6	6	17
BQ.1.1.8	22E (Omicron)	BQ.1.1.8	BA.5.3.1.1.1.1.1.1.8	0.83137808	0.77543	6	6	18
BQ.1.1.9	22E (Omicron)	BQ.1.1.9	BA.5.3.1.1.1.1.1.1.9	0.83137808	0.77543	6	7	16
BQ.1.1.1	22E (Omicron)	BQ.1.1.1	BA.5.3.1.1.1.1.1.1.1	0.83137808	0.77543	6	6	17
CZ.1	22E (Omicron)	CZ.1	BA.5.3.1.1.1.1.1.1.1.1	0.97856169	0.67743	7	6	17
BQ.1.1.14	22E (Omicron)	BQ.1.1.14	BA.5.3.1.1.1.1.1.1.14	0.83137808	0.77543	6	6	16
CW.1	22E (Omicron)	CW.1	BA.5.3.1.1.1.1.1.1.14.1	0.90049636	0.70602	7	6	27
BA.5.11	22B (Omicron)	BA.5.11	BA.5.11	0.6014234	0.66973	4	6	18
BA.5.10	22B (Omicron)	BA.5.10	BA.5.10	0.38632472	0.55831	3	7	12
BA.5.10.1	22B (Omicron)	BA.5.10.1	BA.5.10.1	0.6014234	0.66973	4	7	13
DF.1	22B (Omicron)	DF.1	BA.5.10.1.1	0.6014234	0.66973	4	8	14
BA.5.2	22B (Omicron)	BA.5.2	BA.5.2	0.38632472	0.55831	3	6	10
BA.5.2.1	22B (Omicron)	BA.5.2.1	BA.5.2.1	0.38632472	0.55831	3	6	10
BF.12	22B (Omicron)	BF.12	BA.5.2.1.12	0.38632472	0.5279	3	6	10
BF.14	22B (Omicron)	BF.14	BA.5.2.1.14	0.50267174	0.49973	4	6	11
BF.18	22B (Omicron)	BF.18	BA.5.2.1.18	0.38632472	0.55831	3	6	11
BF.19	22B (Omicron)	BF.19	BA.5.2.1.19	0.38632472	0.55831	3	7	11
BF.17	22B (Omicron)	BF.17	BA.5.2.1.17	0.38632472	0.55831	3	6	11
BF.30	22B (Omicron)	BF.30	BA.5.2.1.30	0.6014234	0.66973	4	6	13
BF.33	22B (Omicron)	BF.33	BA.5.2.1.33	0.64619624	0.60349	5	6	12
BF.4	22B (Omicron)	BF.4	BA.5.2.1.4	0.38632472	0.55831	3	7	10
BF.6	22B (Omicron)	BF.6	BA.5.2.1.6	0.38632472	0.55831	3	7	10
BF.8	22B (Omicron)	BF.8	BA.5.2.1.8	0.38632472	0.55831	3	6	11
BF.31	22B (Omicron)	BF.31	BA.5.2.1.31	0.38632472	0.55831	3	6	10
BF.31.1	22B (Omicron)	BF.31.1	BA.5.2.1.31.1	0.38632472	0.55831	3	9	10
BF.9	22B (Omicron)	BF.9	BA.5.2.1.9	0.38632472	0.55831	3	6	13
BF.21	22B (Omicron)	BF.21	BA.5.2.1.21	0.38632472	0.55831	3	6	15
BF.27	22B (Omicron)	BF.27	BA.5.2.1.27	0.38632472	0.55831	3	6	12
BF.11.1	22B (Omicron)	BF.11.1	BA.5.2.1.11.1	0.6014234	0.66973	4	7	10
BF.11	22B (Omicron)	BF.11	BA.5.2.1.11	0.6014234	0.66973	4	6	10
BF.11.5	22B (Omicron)	BF.11.5	BA.5.2.1.11.5	0.6014234	0.66973	4	6	12
BF.11.4	22B (Omicron)	BF.11.4	BA.5.2.1.11.4	0.6014234	0.66973	4	7	10
BF.11.2	22B (Omicron)	BF.11.2	BA.5.2.1.11.2	0.6014234	0.66973	4	7	11
BF.11.3	22B (Omicron)	BF.11.3	BA.5.2.1.11.3	0.6014234	0.66973	4	6	11
BF.10	22B (Omicron)	BF.10	BA.5.2.1.10	0.38632472	0.55831	3	6	12
BF.2	22B (Omicron)	BF.2	BA.5.2.1.2	0.38632472	0.55831	3	6	11
BF.28	22B (Omicron)	BF.28	BA.5.2.1.28	0.38632472	0.55831	3	6	11
BF.1	22B (Omicron)	BF.1	BA.5.2.1.1	0.38632472	0.55831	3	6	11
BF.1.1	22B (Omicron)	BF.1.1	BA.5.2.1.1.1	0.38632472	0.55831	3	6	16
BF.15	22B (Omicron)	BF.15	BA.5.2.1.15	0.38632472	0.55831	3	7	11
BF.20	22B (Omicron)	BF.20	BA.5.2.1.20	0.38632472	0.55831	3	6	12
BF.23	22B (Omicron)	BF.23	BA.5.2.1.23	0.38632472	0.55831	3	7	11
BF.24	22B (Omicron)	BF.24	BA.5.2.1.24	0.38632472	0.55831	3	7	11
BF.5	22B (Omicron)	BF.5	BA.5.2.1.5	0.38632472	0.55831	3	7	11
BF.3.1	22B (Omicron)	BF.3.1	BA.5.2.1.3.1	0.52834585	0.4889	4	8	10
BF.3	22B (Omicron)	BF.3	BA.5.2.1.3	0.38632472	0.55831	3	8	10
BF.13	22B (Omicron)	BF.13	BA.5.2.1.13	0.6014234	0.55138	4	6	12
BF.16	22B (Omicron)	BF.16	BA.5.2.1.16	0.58592522	0.45785	4	6	10
BF.22	22B (Omicron)	BF.22	BA.5.2.1.22	0.38632472	0.55831	3	6	12
BF.25	22B (Omicron)	BF.25	BA.5.2.1.25	0.50461082	0.39121	4	6	10
BF.29	22B (Omicron)	BF.29	BA.5.2.1.29	0.38632472	0.55831	3	6	11
BF.34	22B (Omicron)	BF.34	BA.5.2.1.34	0.6014234	0.66973	4	7	11
BF.26	22B (Omicron)	BF.26	BA.5.2.1.26	0.38632472	0.55831	3	6	13
BF.32	22B (Omicron)	BF.32	BA.5.2.1.32	0.50267174	0.49973	4	6	16
BF.7	22B (Omicron)	BF.7	BA.5.2.1.7	0.6014234	0.66973	4	6	14
BF.7.10	22B (Omicron)	BF.7.10	BA.5.2.1.7.10	0.6014234	0.66973	4	7	14
BF.7.1	22B (Omicron)	BF.7.1	BA.5.2.1.7.1	0.6014234	0.66973	4	7	14
BF.7.12	22B (Omicron)	BF.7.12	BA.5.2.1.7.12	0.6014234	0.66973	4	7	14
BF.7.11	22B (Omicron)	BF.7.11	BA.5.2.1.7.11	0.6014234	0.66973	4	7	14
BF.7.2	22B (Omicron)	BF.7.2	BA.5.2.1.7.2	0.6014234	0.63932	4	7	14
BF.7.3	22B (Omicron)	BF.7.3	BA.5.2.1.7.3	0.6014234	0.66973	4	7	14
BF.7.6	22B (Omicron)	BF.7.6	BA.5.2.1.7.6	0.6014234	0.66973	4	6	15
BF.7.8	22B (Omicron)	BF.7.8	BA.5.2.1.7.8	0.6014234	0.66973	4	7	14
BF.7.9	22B (Omicron)	BF.7.9	BA.5.2.1.7.9	0.6014234	0.66973	4	7	14
BF.7.7	22B (Omicron)	BF.7.7	BA.5.2.1.7.7	0.6014234	0.66973	4	7	14
BF.7.5	22B (Omicron)	BF.7.5	BA.5.2.1.7.5	0.6014234	0.66973	4	6	15
BF.7.5.1	22B (Omicron)	BF.7.5.1	BA.5.2.1.7.5.1	0.6014234	0.66973	4	8	17
BF.7.13	22B (Omicron)	BF.7.13	BA.5.2.1.7.13	0.6014234	0.66973	4	6	16
BF.7.13.1	22B (Omicron)	BF.7.13.1	BA.5.2.1.7.13.1	0.60926359	0.676	5	7	16
BF.7.13.2	22B (Omicron)	BF.7.13.2	BA.5.2.1.7.13.2	0.6014234	0.66973	4	7	16
BF.7.4	22B (Omicron)	BF.7.4	BA.5.2.1.7.4	0.6014234	0.66973	4	6	15
BF.7.4.1	22B (Omicron)	BF.7.4.1	BA.5.2.1.7.4.1	0.6014234	0.66973	4	6	16
BF.7.4.2	22B (Omicron)	BF.7.4.2	BA.5.2.1.7.4.2	0.6014234	0.66973	4	6	17
BA.5.2.23	22B (Omicron)	BA.5.2.23	BA.5.2.23	0.50461082	0.39121	4	7	10
BA.5.2.4	22B (Omicron)	BA.5.2.4	BA.5.2.4	0.38632472	0.55831	3	7	10
BA.5.2.40	22B (Omicron)	BA.5.2.40	BA.5.2.40	0.50267174	0.49973	4	7	12
BA.5.2.5	22B (Omicron)	BA.5.2.5	BA.5.2.5	0.38632472	0.55831	3	6	13
BA.5.2.9	22B (Omicron)	BA.5.2.9	BA.5.2.9	0.38632472	0.55831	3	6	11
BA.5.2.10	22B (Omicron)	BA.5.2.10	BA.5.2.10	0.38632472	0.55831	3	6	13
BA.5.2.2	22B (Omicron)	BA.5.2.2	BA.5.2.2	0.38632472	0.55831	3	6	13
BA.5.2.26	22B (Omicron)	BA.5.2.26	BA.5.2.26	0.38632472	0.55831	3	6	12
CG.1	22B (Omicron)	CG.1	BA.5.2.26.1	0.58592522	0.36875	4	6	13
BA.5.2.12	22B (Omicron)	BA.5.2.12	BA.5.2.12	0.38632472	0.55831	3	6	12
BA.5.2.11	22B (Omicron)	BA.5.2.11	BA.5.2.11	0.38632472	0.55831	3	6	12
BA.5.2.13	22B (Omicron)	BA.5.2.13	BA.5.2.13	0.6014234	0.66973	4	6	12
BA.5.2.14	22B (Omicron)	BA.5.2.14	BA.5.2.14	0.58592522	0.36875	4	7	12
BA.5.2.19	22B (Omicron)	BA.5.2.19	BA.5.2.19	0.38632472	0.55831	3	6	12
BA.5.2.22	22B (Omicron)	BA.5.2.22	BA.5.2.22	0.38632472	0.55831	3	6	12
BA.5.2.28	22B (Omicron)	BA.5.2.28	BA.5.2.28	0.38632472	0.55831	3	6	12
BA.5.2.29	22B (Omicron)	BA.5.2.29	BA.5.2.29	0.38632472	0.55831	3	6	12
BA.5.2.30	22B (Omicron)	BA.5.2.30	BA.5.2.30	0.52834585	0.3598	4	6	11
BA.5.2.32	22B (Omicron)	BA.5.2.32	BA.5.2.32	0.50267174	0.49973	4	6	12
BA.5.2.35	22B (Omicron)	BA.5.2.35	BA.5.2.35	0.6014234	0.66973	4	6	12
BA.5.2.34	22B (Omicron)	BA.5.2.34	BA.5.2.34	0.6014234	0.66973	4	6	12
BA.5.2.37	22B (Omicron)	BA.5.2.37	BA.5.2.37	0.38632472	0.55831	3	7	11
BA.5.2.39	22B (Omicron)	BA.5.2.39	BA.5.2.39	0.6014234	0.66973	4	6	11
BA.5.2.41	22B (Omicron)	BA.5.2.41	BA.5.2.41	0.58592522	0.45785	4	6	12
BA.5.2.8	22B (Omicron)	BA.5.2.8	BA.5.2.8	0.38632472	0.55831	3	6	12
BA.5.2.21	22B (Omicron)	BA.5.2.21	BA.5.2.21	0.38632472	0.55831	3	6	11
CN.1	22B (Omicron)	CN.1	BA.5.2.21.1	0.50267174	0.49973	4	6	11
BA.5.2.27	22B (Omicron)	BA.5.2.27	BA.5.2.27	0.38632472	0.55831	3	6	12
CF.1	22B (Omicron)	CF.1	BA.5.2.27.1	0.38632472	0.55831	3	7	12
BA.5.2.3	22B (Omicron)	BA.5.2.3	BA.5.2.3	0.38632472	0.55831	3	6	12
BZ.1	22B (Omicron)	BZ.1	BA.5.2.3.1	0.38632472	0.55831	3	7	14
BA.5.2.33	22B (Omicron)	BA.5.2.33	BA.5.2.33	0.38632472	0.55831	3	6	12
CE.1	22B (Omicron)	CE.1	BA.5.2.33.1	0.6014234	0.39901	4	6	12
BA.5.2.36	22B (Omicron)	BA.5.2.36	BA.5.2.36	0.58592522	0.45953	4	6	11
CT.1	22B (Omicron)	CT.1	BA.5.2.36.1	0.83480901	0.45649	5	6	11
BA.5.2.38	22B (Omicron)	BA.5.2.38	BA.5.2.38	0.3931466	0.56458	4	6	11
DA.1	22B (Omicron)	DA.1	BA.5.2.38.1	0.60926359	0.676	5	6	11
BA.5.2.7	22B (Omicron)	BA.5.2.7	BA.5.2.7	0.58592522	0.36875	4	6	12
CY.1	22B (Omicron)	CY.1	BA.5.2.7.1	0.6306944	0.57323	5	6	13
BA.5.2.20	22B (Omicron)	BA.5.2.20	BA.5.2.20	0.38632472	0.55831	3	6	11
BV.1	22B (Omicron)	BV.1	BA.5.2.20.1	0.38632472	0.55831	3	8	11
BV.2	22B (Omicron)	BV.2	BA.5.2.20.2	0.58592522	0.40293	4	6	11
BA.5.2.25	22B (Omicron)	BA.5.2.25	BA.5.2.25	0.58592522	0.45953	4	6	11
DB.1	22B (Omicron)	DB.1	BA.5.2.25.1	0.83137808	0.77543	6	6	11
DB.2	22B (Omicron)	DB.2	BA.5.2.25.2	0.58592522	0.45953	4	7	11
BA.5.2.31	22B (Omicron)	BA.5.2.31	BA.5.2.31	0.38632472	0.55831	3	7	11
CD.1	22B (Omicron)	CD.1	BA.5.2.31.1	0.52834585	0.3598	4	8	11
CD.2	22B (Omicron)	CD.2	BA.5.2.31.2	0.38661183	0.55942	4	7	13
BA.5.2.16	22B (Omicron)	BA.5.2.16	BA.5.2.16	0.38632472	0.55831	3	6	12
BU.1	22B (Omicron)	BU.1	BA.5.2.16.1	0.6306944	0.57323	5	7	13
BU.2	22B (Omicron)	BU.2	BA.5.2.16.2	0.50461082	0.39121	4	6	13
BU.3	22B (Omicron)	BU.3	BA.5.2.16.3	0.50267174	0.49973	4	7	13
BA.5.2.18	22B (Omicron)	BA.5.2.18	BA.5.2.18	0.58592522	0.45785	4	6	11
CR.2	22B (Omicron)	CR.2	BA.5.2.18.2	0.58592522	0.45785	4	7	11
CR.1	22B (Omicron)	CR.1	BA.5.2.18.1	0.77870218	0.56927	5	7	11
CR.1.1	22B (Omicron)	CR.1.1	BA.5.2.18.1.1	0.77870218	0.56927	5	8	12
CR.1.2	22B (Omicron)	CR.1.2	BA.5.2.18.1.2	0.82206676	0.40217	6	7	12
BA.5.2.24	22B (Omicron)	BA.5.2.24	BA.5.2.24	0.58592522	0.40293	4	6	11
CK.1	22B (Omicron)	CK.1	BA.5.2.24.1	0.6306944	0.60741	5	6	11
CK.3	22B (Omicron)	CK.3	BA.5.2.24.3	0.6306944	0.60741	5	6	12
CK.2	22B (Omicron)	CK.2	BA.5.2.24.2	0.58592522	0.40293	4	6	12
CK.2.1	22B (Omicron)	CK.2.1	BA.5.2.24.2.1	0.6306944	0.60741	5	6	12
CK.2.1.1	22B (Omicron)	CK.2.1.1	BA.5.2.24.2.1.1	0.6306944	0.60741	5	7	14
DG.1	22B (Omicron)	DG.1	BA.5.2.24.2.1.1.1	0.6306944	0.60741	5	8	14
BA.5.2.6	22B (Omicron)	BA.5.2.6	BA.5.2.6	0.6014234	0.66973	4	6	11
CP.2	22B (Omicron)	CP.2	BA.5.2.6.2	0.64026911	0.6943	5	7	12
CP.4	22B (Omicron)	CP.4	BA.5.2.6.4	0.6014234	0.66973	4	7	11
CP.3	22B (Omicron)	CP.3	BA.5.2.6.3	0.64619624	0.38661	5	6	12
CP.5	22B (Omicron)	CP.5	BA.5.2.6.5	0.6014234	0.66973	4	7	11
CP.6	22B (Omicron)	CP.6	BA.5.2.6.6	0.6014234	0.66973	4	7	12
CP.1.1	22B (Omicron)	CP.1.1	BA.5.2.6.1.1	0.73609395	0.50263	5	6	12
CP.1	22B (Omicron)	CP.1	BA.5.2.6.1	0.6014234	0.66973	4	6	12
CP.1.2	22B (Omicron)	CP.1.2	BA.5.2.6.1.2	0.6014234	0.66973	4	7	13
CP.1.3	22B (Omicron)	CP.1.3	BA.5.2.6.1.3	0.7474249	0.60032	5	7	13
